{"id":15045,"projectName":"untitled_test_16:07","settingsId":null,"comment":"","lastModified":"2024-08-26T13:11:53","contentFormat":"yaml","contentModelVersion":null,"labelSet":[],"testType":"STABLE","requestCount":2,"totalDuration":720,"version":[{"id":15078,"projectId":15045,"settingsId":null,"createdOn":"2024-08-26T13:11:53.613Z","location":"boomq/teams/13/projects/15045/v_15078.yaml","comment":"","contentFormat":"yaml","contentModelVersion":"2.0.0","testType":"STABLE","requestCount":2,"totalDuration":720,"versionNumber":1}]}