{"@odata.context":"https://graph.microsoft.com/beta/$metadata#users('ravil.yunusov.94%40mail.ru')/settings/regionalAndLanguageSettings/$entity","id":"86df3f0e-73c8-4b19-a723-08c4806b16a1","defaultRegionalFormat":null,"regionalFormatOverrides":null,"defaultSpeechInputLanguage":null,"defaultTranslationLanguage":null,"authoringLanguages":[{"locale":"ru-RU","displayName":"\u0440\u0443\u0441\u0441\u043a\u0438\u0439 (\u0420\u043e\u0441\u0441\u0438\u044f)"}],"defaultDisplayLanguage":{"locale":"ru-RU","displayName":"\u0440\u0443\u0441\u0441\u043a\u0438\u0439 (\u0420\u043e\u0441\u0441\u0438\u044f)"},"translationPreferences":{"translationBehavior":"Ask","untranslatedLanguages":["ru"],"languageOverrides":[]}}