{"actions":[{"$type":"cache","key":{"uri":"dev-boomq.pflb.ru/authorize","inheritance":"none"},"maxAge":100800000000,"serverContext":"1;f94c025f-7523-6972-b613-ce2c246c55ce;UNKN:100;0.01","responseCategory":"Allowed","result":{"$type":"evaluate"}}],"serverContext":"1;f94c025f-7523-6972-b613-ce2c246c55ce;UNKN:100;0.01","result":{"$type":"evaluate","responseCategory":"Allowed","serverContext":"1;f94c025f-7523-6972-b613-ce2c246c55ce;UNKN:100;0.01","feedbackUrl":"https://feedback.smartscreen.microsoft.com/feedback.aspx?v=6&t=12553&result=none&type=top&ur=UNKN%3A100&osVer=10.0.22631.4037.ni_release&ieVer=9.11.22621.0&prodGuid=41a438bc-1249-43d3-a26d-69cd62c08317&locale=ru-RU&fv=281483724324866&dv=638004170464094982&url=aHR0cHM6Ly9kZXYtYm9vbXEucGZsYi5ydS9hdXRob3JpemU%3D&corrId=d01ede20-9907-4f70-a225-368123209c85"}}