{"content":[{"id":13,"teamName":"Нагрузка 5. Группа 2","icon":null,"teamMemberCount":7,"projectCount":11,"testCount":7,"userPermissions":["RUN","VIEW","EDIT","ADMIN","MANAGE_USERS_IN_ORG"],"createAt":"2024-08-19T13:17:56.451Z","updatedAt":"2024-08-19T13:17:56.451Z"}],"pageable":{"sort":{"sorted":false,"unsorted":true,"empty":true},"pageNumber":0,"pageSize":2,"offset":0,"unpaged":false,"paged":true},"last":true,"totalElements":1,"totalPages":1,"first":true,"sort":{"sorted":false,"unsorted":true,"empty":true},"size":2,"number":0,"numberOfElements":1,"empty":false}