{"ECS":{"ExcludeExternalConfigIdsInLog":true,"ConfigLogTarget":"edge_stable"},"EdgeFirstRun":{"PreventChromeHabitsPhase0":{"enableFeatures":["msEdgeUserBiasDetection"]},"FRE_ExperimentationUsageGroupCollection":{"enableFeatures":["msCollectExperimentationGeneralMetrics","msCollectExperimentationGuardrailMetrics"],"parameters":[{"name":"version","value":"4"}]}},"EdgeFirstRunConfig":{"DeleteFREProfileAllowedPayload":{"disableFeatures":["msDeleteFREProfileAllowed"]},"PBCalculationProfileCap":{"enableFeatures":["msEnablePBComputationsConnectionProfileCap"],"parameters":[{"name":"msPBComputationsConnectionProfileCap","value":"100"},{"name":"msPBComputationsConnectionProfileUseCap","value":"true"}]},"EnableMultipleCustomPBComputations":{"enableFeatures":["msEnableCustomPBComputations","msEnableMultipleCustomPBComputations"],"parameters":[{"name":"msMultipleCustomPBComputationsConfigurations","value":"12,1,12;"}]},"EmptyEdgeFirstRunConfig":{"enableFeatures":["eefrc"]}},"Segmentation":{"WWEAll":"false","scpfull":1,"scpguard":1,"scpver":4,"M365CoreAll":"false","ContentServicesAll":"false","WebXTAll":"false","BingAll":"false","EdgeAll":"false","MicrosoftUser":"false"},"Headers":{"ETag":"\"4FrvHXefB44a2plb6LJo/qUi08X4sTSMaQZ0DtEUzAA=\"","Expires":"Mon, 26 Aug 2024 14:03:47 GMT","CountryCode":"RU","StatusCode":"200"},"ConfigIDs":{"ECS":"P-R-1082570-1-11,P-D-42388-2-6","EdgeFirstRun":"P-R-1257346-6-7,P-R-58579-13-32","EdgeFirstRunConfig":"P-R-1253659-1-4,P-R-1246379-1-5,P-R-1159388-4-7,P-R-1075865-1-7","Segmentation":"P-R-1159985-1-5,P-R-1113915-11-11,P-R-1098334-1-6,P-R-66078-1-3,P-R-66077-1-5,P-R-60882-1-2,P-R-43082-3-5,P-R-42744-1-2"}}