{"ttl":3600,"clients":[{"name":"Bing","id":"6f053d1c-73ab-4c66-8de3-22754364e533","types":["msa"],"group":"default","hosts":["www.bing.com"],"redirectUri":"https://login.microsoftonline.com/oauth2/nativeclient","tokens":{"root":{"scopes":"service::bing.com::mbi_ssl"}},"loginActions":{"networkRequests":[{"url":"https://www.bing.com/fd/auth/signin?&action=header&provider=windows_live_id&save_token=0","method":"GET","headers":{"X-Search-RPSToken":"${root}"}}]},"logoutActions":{"networkRequests":[{"url":"https://www.bing.com/logoutgif.asp","method":"GET"}]},"watch":[{"trigger":"cookie","host":"www.bing.com","name":"_U","value":"","action":"logout"}]},{"name":"Copilot","types":["msa"],"group":"default","hosts":["copilot.microsoft.com"],"tokens":{"copilot":{"clientId":"6f053d1c-73ab-4c66-8de3-22754364e533","scopes":"service::copilot.microsoft.com::mbi_ssl","redirectUri":"https://login.microsoftonline.com/oauth2/nativeclient"}},"loginActions":{"networkRequests":[{"url":"https://copilot.microsoft.com/fd/auth/signin?&action=header&provider=windows_live_id&save_token=0","method":"GET","headers":{"X-Search-RPSToken":"${copilot}"}}]},"logoutActions":{"networkRequests":[{"url":"https://copilot.microsoft.com/logoutgif.asp","method":"GET"}]},"filter":{"version":{"min":"123.0.2416.0"}}},{"name":"SSO","id":"82864fa0-ed49-4711-8395-a0e6003dca1f","types":["msa"],"group":"default","logoutActions":{"networkRequests":[{"url":"https://login.live.com/logout.srf","method":"GET"}]},"watch":[{"trigger":"cookie","host":"login.live.com","name":"PPAuth","value":"","action":"logout"}]},{"name":"MSN","id":"f3222e55-ab35-49de-81f3-88a3be08cf77","types":["msa"],"group":"default","hosts":["localhost.msn.com","ntp.msn.com","www.msn.com","ntp.msn.cn"],"tokens":{"msn":{"scopes":"service::www.msn.com::mbi_ssl"}},"loginActions":{"cookies":{"add":[{"url":"https://www.msn.com/","line":"lt=${msn}; domain=msn.com; path=/; max-age=2592000; secure; samesite=none"}]}},"logoutActions":{"networkRequests":[{"url":"https://api.msn.com/auth/cookie/EdgeProfile?apikey=0QfOX3Vn51YCzitbLaRkTTBadtWpgTN8NZLW0C1SEM&ocid=edge","method":"DELETE"}],"cookies":{"add":[{"url":"https://www.msn.com/","line":"lt=; domain=msn.com; path=/; expires=Thu, 23 Jan 1970 00:00:01 GMT; secure; samesite=none"}]}}},{"name":"MSNV2_CN","id":"d7b530a4-7680-4c23-a8bf-c52c121d2e87","types":["msa"],"group":"default","hosts":[],"tokens":{"oneservice":{"resource":"https://oneservice.microsoft.com/OneService.Read","useMsaV2Api":true}},"loginActions":{"cookies":{"add":[{"url":"https://www.msn.cn/","line":"elt=%7B%22access_token%22%3A%22${oneservice}%22%2C%22account_type%22%3A%22MSA%22%2C%22login_hint%22%3A%22${oneservice.login_hint}%22%2C%22e%22%3A%22${oneservice.email_hash}%22%7D; domain=msn.cn; path=/; secure; samesite=none"}]}},"logoutActions":{"networkRequests":[{"url":"https://api.msn.com/auth/cookie/EdgeProfile?apikey=0QfOX3Vn51YCzitbLaRkTTBadtWpgTN8NZLW0C1SEM&ocid=edge","method":"DELETE"}],"cookies":{"add":[{"url":"https://www.msn.cn/","line":"elt=; domain=msn.cn; path=/; secure; expires=Thu, 23 Jan 1970 00:00:01 GMT; samesite=none"}]}},"filter":{"country":["CN"],"version":{"min":"125.0.2535.0"}}},{"name":"MSNV2","id":"d7b530a4-7680-4c23-a8bf-c52c121d2e87","types":["msa"],"group":"default","hosts":[],"tokens":{"oneservice":{"resource":"https://oneservice.microsoft.com/OneService.Read","useMsaV2Api":true}},"loginActions":{"cookies":{"add":[{"url":"https://www.msn.com/","line":"elt=%7B%22access_token%22%3A%22${oneservice}%22%2C%22account_type%22%3A%22MSA%22%2C%22login_hint%22%3A%22${oneservice.login_hint}%22%2C%22e%22%3A%22${oneservice.email_hash}%22%7D; domain=msn.com; path=/; max-age=604800; secure; samesite=none"}]}},"logoutActions":{"networkRequests":[{"url":"https://api.msn.com/auth/cookie/EdgeProfile?apikey=0QfOX3Vn51YCzitbLaRkTTBadtWpgTN8NZLW0C1SEM&ocid=edge","method":"DELETE"}],"cookies":{"add":[{"url":"https://www.msn.com/","line":"elt=; domain=msn.com; path=/; secure; expires=Thu, 23 Jan 1970 00:00:01 GMT; samesite=none"}]}}}]}