{"ECS":{"ExcludeExternalConfigIdsInLog":true,"ConfigLogTarget":"edge_stable"},"Edge":{"EdgeLoginDbBlockShutdown":{"enableFeatures":["msEdgeLoginDbTasksBlockShutdown"]},"OnboardShoppingToCE":{"enableFeatures":["msNurturingOnboardShoppingToCE","msNurturingFrameworkInInprivateMode"]},"SingleLineEntities":{"enableFeatures":["msOmniboxSingleLineEntitiesAndAnswers"],"parameters":[{"name":"OmniboxSingleLineEntitiesAndAnswersIconSize","value":"24"}]},"ShorelineCleanupAB":{"enableFeatures":["msSilentCleanupEnabled","msSilentCleanupHideSidebar"],"parameters":[{"name":"weeklyTotalUsageTimesThreshold","value":"1000000"},{"name":"dryRun","value":"false"}]},"ImportedHistoryUploadForCUV":{"enableFeatures":["msContinuousMigrationUploadImportedHistoryForCUV","msUseBatchProcessorForImportedHistoryUpload"]},"DirectNav":{"enableFeatures":["msOmniboxBoostDirectNavSuggestions"]},"ProfileImprovement":{"disableFeatures":["msEdgeAutofillLevoSkipOverlappingProfileSuggestions"],"enableFeatures":["msEdgeAutofillFieldValueTelemetry","msEdgeAutofillSelectFieldRecallLoggingImprovements","msEdgeAutofillTextFieldProfileImprovements","msEdgeAutofillProfileSuggestionImprovements","msEdgeAutofillUpdateSkipReasonsForProfileImprovements","msEdgeAutofillLastUsedSkipFilledFields","msEdgeAutofillRemoveFilledValueFromPopupUI"]},"ntpLanguageDataHeader":{"enableFeatures":["msEdgeLanguageDataHeader","msNtpExp13"],"parameters":[{"name":"LanguageDataHeader_SendHeader","value":"true"}]},"SettingsColorPicker":{"enableFeatures":["msSettingsThemesColorPicker","msSettingsThemesEdgeColorPicker","msFrameTextColorForUnifiedFrame"]},"EdgeShoppingCouponAttribution":{"enableFeatures":["msEdgeShoppingCouponAutofillAcceptAttribution","msEdgeShoppingCouponCopyAttribution","msEdgeShoppingPrioritizeCashbackOverCouponAttribution"]},"CodeSweepV2FC":{"enableFeatures":["msNurturingCodeSweepV2FC"]},"MultiMonitorScreenLookupOptimization":{"enableFeatures":["msEnableMultiMonitorScreenLookupOptimization"]},"EdgeXPayMiniWalletWebUI":{"enableFeatures":["msWalletMiniWalletWebUX","msWalletNotificationsWebComponentsUX"]},"FilterQuickLinksIndexer":{"enableFeatures":["msFilterQuickLinksIndexer"]},"EdgeIrregularFormSubmitDataQuality":{"enableFeatures":["msEdgeAutofillImproveUnsubmittedFormDataQuality"]},"CodeSweepV2":{"enableFeatures":["msNurturingCodeSweepV2"]},"PhoenixConnectedTab":{"enableFeatures":["msVisualRejuvConnectedTabs"]},"SearchDiagnosticsTabsCombinationSignalTelemetry":{"enableFeatures":["msSearchDiagnosticsTabsCombinationSignalTelemetry"]},"ENPUIMetadataRefactor":{"enableFeatures":["msNurturingOfflineDataProviderV2","msNurturingServerDrivenOnDemandUIMetadata","msNurturingServerDrivenENP"]},"OnboardNTPToCE":{"enableFeatures":["msNurturingMetadataTemplate","msNurturingOnboardNTPToCE"]},"GlobalSitePinning":{"enableFeatures":["msNurturingGlobalSitePinningOnCloseModal"]},"GlobalCIExperiment":{"enableFeatures":["msNurturingSitePinningCITopSites"]},"InMemoryCachingExperimentClientFlag":{"enableFeatures":["msTranslateScriptExperiment"],"parameters":[{"name":"script_type","value":"5"}]},"EnableSingleMonitorScreenLookupOptimization":{"enableFeatures":["msEnableSingleMonitorScreenLookupOptimization"]},"FeatureFlagRefactorExperiment":{"enableFeatures":["msNurturingFeatureFlagRefactor"]},"EdgeHJEnableSavingActionEvents":{"enableFeatures":["msEdgeHJEnableSavingActionEvents"]},"EdgeSyncDataConsistency":{"enableFeatures":["msEdgeSyncDataConsistency"]},"SidebarPolicy":{"enableFeatures":["msNurturingFeatureHubApp"]},"EdgeShoppingDisablePackageTracking":{"disableFeatures":["msEdgeShoppingPackageTracking"]},"DedupMvSites":{"enableFeatures":["msTopSitesNearDuplicates","msNtpExp1"],"parameters":[{"name":"shouldRemoveDuplicateTopSiteDomains","value":"true"}]},"EdgeShoppingDisableAbandonedCart":{"disableFeatures":["msEdgeShoppingPwiloNotificationsAbandonedCarts"]},"EdgeMoveAvatarButtonToFrameView":{"enableFeatures":["msEdgeMoveAvatarButtonToFrameView"]},"PhoenixCustomTheme":{"enableFeatures":["msPhoenixCustomThemeEnabled"]},"EdgeLUDCleanUp":{"enableFeatures":["msContinuousImportLadderUpDownCleanup"]},"EdgeToolbarPersonalization":{"enableFeatures":["msSegmentationPlatformToolbarPersonalization"]},"WorkspaceDataCaching":{"enableFeatures":["msWorkspaceDataCache"]},"EdgeComposeNext":{"enableFeatures":["msEdgeComposeNext"]},"ShorelineSkypeAutoAuth":{"enableFeatures":["msEdgeSkypeAuthThrottle"]},"BrowserLaunchCooldown":{"enableFeatures":["msNurturingFeaturePolicyManager","msNurturingFeatureBrowserLaunchCooldown"],"parameters":[{"name":"browser_launch_cooldown","value":"10"}]},"ElixirNetworkErrorPages":{"enableFeatures":["msElixirNetworkErrorPages"]},"WalletECRebatesIncentive":{"disableFeatures":["msWalletCheckoutRewardsIncentive"]},"ShorelineSkypeSATelEvent":{"enableFeatures":["msEdgeHubAppSkype","msEdgeSkypeHandleTelProtocol","msEdgeSkypeHandleProtocolUsingJsEvent"]},"ExternalStoreZeroSearchResults":{"enableFeatures":["msEnableZeroSearchResults"]},"PasswordZeroStateV2":{"enableFeatures":["msNurturingCIPasswordZeroStateV2"],"parameters":[{"name":"ImpressionCap","value":"5"}]},"AccountLevelSyncReclaim":{"enableFeatures":["msAccountLevelSyncConsent","msNurturingAccountLevelSyncConsentSyncOff","msNurturingAccountLevelSyncConsentSyncOn"]},"EnhancedTextContrast":{"enableFeatures":["msEnhancedTextContrast"]},"DisableMutationEvents":{"disableFeatures":["MutationEvents"]},"DefaultBrowserBannerExternalStableRollout":{"enableFeatures":["msNurturingDefaultBrowserBannerCloseBtn","msNurturingUrlParser","msEdgeNurFIrisSupport"],"parameters":[{"name":"DismissalCap","value":"1000"}]},"RolloutPreconnectToSearch":{"disableFeatures":["NavigationPredictorPreconnectHoldback"]},"EdgeOnRampShowVersionWhatsNew":{"enableFeatures":["msEdgeOnRampShowWhatsNew"],"parameters":[{"name":"Browser Version","value":"128.0.0.0"}]}},"EdgeConfig":{"IEModeAwarenessFlyoutKillSwitch":{"disableFeatures":["msNurturingIEModeAwareness"]},"advanceConsentCleanupForceful":{"enableFeatures":["msAdvanceConsentForcefulCleanup"]},"DisableAutofillCustomDataSync":{"disableFeatures":["msEdgeSyncAutofillCustomData"]},"DisableEdgeAlwaysUpToDateEnabled":{"disableFeatures":["msEdgeAlwaysUpToDateEnabled","msNurturingAlwaysUpToDateDialog"],"clientFilter":{"minVersion":"120.0.0.0"}},"EdgeShoppingAnaheimIDConfig":{"enableFeatures":["msEdgeShoppingAnaheimId"]},"WorldCupFloatyDisableFloatyMode":{"disableFeatures":["msFloatyMode"]},"WorldCupFloatyKillSwitch":{"disableFeatures":["msFloatyAutoLaunch"]},"DisableWebGPUSupportMetrics":{"disableFeatures":["CollectWebGPUSupportMetrics"]},"MyWinCoPilotIcon":{"enableFeatures":["msUndersideWinCopilotNxtBrand"]},"LoadStatisticsLoggingPri":{"disableFeatures":["msLoadStatisticsLowPriLogging"]},"SdchEnable":{"enableFeatures":["msEdgeSdch"]},"EdgeShoppingPageLocaleTimeoutConfig":{"enableFeatures":["msEdgeShoppingPageLocaleTimeout"],"parameters":[{"name":"timeout_milliseconds","value":"3000"}]},"EdgeShoppingEarlyRetailerDataDelayConfig":{"enableFeatures":["msEdgeShoppingEarlyRetailerDataDelay"],"parameters":[{"name":"delay","value":"0"}]},"EdgeShoppingFreeOffersConfig":{"enableFeatures":["msEdgeShoppingPriceComparisonBackfillFreeOffers"]},"WebAuthPasskeysUIKillerSwitch":{"disableFeatures":["WebAuthenticationPasskeysUI"]},"WorkspacesButtonVisibleForMSA":{"enableFeatures":["msWorkspacesButtonVisibleForMSA"]},"EdgeShoppingPriceCompareResponseConfig":{"enableFeatures":["msShoppingUapiExp1"]},"EdgeShoppingPriceCompareAdLangOverrideConfig":{"enableFeatures":["msShoppingUapiExp3"]},"EdgeShoppingClarityConfig":{"enableFeatures":["msEdgeShoppingClarityEnabled"]},"EdgeShoppingDefaultConfig":{"enableFeatures":["msEdgeShoppingPersistentBloomFilter","msShoppingAutoShowAfterRender","msEdgeShoppingPersonalizedCashbackBingHeaderV2","msEdgeShoppingPersistentDisabledDomainPopupOrigination","msEdgeShoppingProductPageScript","msEdgeShoppingEnableAccelerateStrategyForBgaaWebContents","msEdgeShoppingAutoShowResetOnce","msEdgeShoppingShorelineHeader","msShorelineHeaderMenuDisableNotifications","msEdgeShoppingSettingsInPane","msEdgeShoppingSettingsInPaneNotificationBottomToggle","msQueryShoppingMetadata","msShowResultsShoppingMetadata","msEdgeShoppingRefresh","msEdgeShoppingRebatesForAADAccounts","msEdgeShoppingSettingsPrivacyString"],"disableFeatures":["msEdgePwiloAsync","msEdgeShoppingPriceComparisonOnceDayPerUrl","msEdgeShoppingStorageContinueOnShutdown","msEELogProductPiclFailed"]},"ECSCheck":{"enableFeatures":["ECSCheck"]},"QUIC":{"parameters":[{"name":"channel","value":"F"},{"name":"epoch","value":"30000000"},{"name":"retransmittable_on_wire_timeout_milliseconds","value":"200"}]},"OverrideEvents":{"enableFeatures":["msEventsAllowList"],"parameters":[{"name":"msEventOverrideList","value":"Microsoft.WebBrowser.Protobuf.UKM.SystemProfile,0,15;Microsoft.WebBrowser.Protobuf.UKM.Stats.LogStart,0,4;Microsoft.WebBrowser.Protobuf.UKM.Stats.LogComplete,0,4;"}]},"TelemetryPopSampleSampling":{"enableFeatures":["msForceTelemetrySampling","msLogTestUniformDistributionHistogram"],"parameters":[{"name":"group2PopSample","value":"20"},{"name":"defaultGroupPopSample","value":"0"},{"name":"ukm2PopSample","value":"20"}]},"EdgeShoppingInBingChatConfig":{"enableFeatures":["msEdgeShoppingAddCategoryToWebAssist","msEdgeShoppingDiscoverPopupLeft","msEdgeShoppingExpectUniqueNotification","msShoppingExp22","msShoppingExp63","msShoppingExp69","msShoppingUapiExp35"]},"EdgeShoppingInBingChatTiedConfig":{"enableFeatures":["msEdgeShoppingOnDiscover"],"parameters":[{"name":"decisionTotalCount","value":"5"},{"name":"maxCountThreshold","value":"2"},{"name":"researchTotalCount","value":"3"},{"name":"discoverTotalCount","value":"0"},{"name":"journeyStageCooldownInMinutes","value":"90"},{"name":"categoryCooldownInMinutes","value":"240"}]}},"EdgeFirstRun":{"PreventChromeHabitsPhase0":{"enableFeatures":["msEdgeUserBiasDetection"]},"FRE_ExperimentationUsageGroupCollection":{"enableFeatures":["msCollectExperimentationGeneralMetrics","msCollectExperimentationGuardrailMetrics"],"parameters":[{"name":"version","value":"4"}]}},"EdgeFirstRunConfig":{"DeleteFREProfileAllowedPayload":{"disableFeatures":["msDeleteFREProfileAllowed"]},"PBCalculationProfileCap":{"enableFeatures":["msEnablePBComputationsConnectionProfileCap"],"parameters":[{"name":"msPBComputationsConnectionProfileCap","value":"100"},{"name":"msPBComputationsConnectionProfileUseCap","value":"true"}]},"EnableMultipleCustomPBComputations":{"enableFeatures":["msEnableCustomPBComputations","msEnableMultipleCustomPBComputations"],"parameters":[{"name":"msMultipleCustomPBComputationsConfigurations","value":"12,1,12;"}]},"EmptyEdgeFirstRunConfig":{"enableFeatures":["eefrc"]}},"Segmentation":{"WWEAll":"false","scpfull":1,"scpguard":1,"scpver":4,"M365CoreAll":"false","ContentServicesAll":"false","WebXTAll":"false","BingAll":"false","EdgeAll":"false","MicrosoftUser":"false"},"Headers":{"ETag":"\"fgWFEEn43xIROV5+TFaSP6LQcbC2717KJYFIFbL55AQ=\"","Expires":"Mon, 26 Aug 2024 14:03:51 GMT","CountryCode":"RU","StatusCode":"200"},"ConfigIDs":{"ECS":"P-R-1082570-1-11,P-D-42388-2-6","Edge":"P-X-1255789-2-9,P-X-1142937-6-31,P-X-1253080-1-9,P-X-1133145-8-25,P-X-1257859-1-11,P-X-1244519-1-6,P-X-1177143-12-39,P-X-1259218-2-5,P-X-1254241-3-7,P-X-1253300-1-5,P-X-1242539-2-13,P-X-1248759-1-5,P-X-1226612-1-5,P-X-1239732-2-11,P-X-1241969-2-6,P-X-1242518-2-7,P-X-1176504-4-10,P-X-1235380-2-9,P-X-1220525-2-11,P-X-1230185-1-7,P-X-1110552-8-34,P-X-1116542-8-34,P-X-1234280-1-6,P-X-1232754-2-5,P-X-1220520-1-7,P-X-1224057-2-5,P-X-1148585-2-7,P-X-1225549-2-3,P-X-1222363-1-5,P-X-1159834-3-15,P-X-1222396-1-3,P-X-1066161-19-50,P-X-1126445-2-5,P-X-1155327-1-7,P-X-1100970-2-9,P-X-1131577-2-7,P-X-1096251-1-15,P-X-1095018-2-6,P-X-1113878-6-21,P-X-1081784-1-7,P-X-1096650-2-6,P-X-1077147-1-9,P-X-1071593-2-4,P-X-1061902-3-17,P-X-1048071-1-5,P-X-1010579-1-9,P-R-1275879-14-8,P-R-1068861-4-11,P-R-1008497-12-13,P-R-67067-6-61,8diji773:599478,enp_shopping_inprivate:596866,singlelineentities24:587729,treat_ab:616411,8f5hi857:611152,directnav:573451,pnrwithuiwithoutdropdown:565871,headeron:589844,aaj91288:597312,v1_edgeshoppingcouponattribution:576418,codesweepv2fc_treatment:574522,972ec163:614782,098h7988:614819,h6f57566:598792,58334117:566199,32g58473:577479,variantb:534184,j485a473:555247,1b4jg845:570389,enp_ntp:559208,treatment:523714,citreatmentflight:523713,12608184:554669,dfa74760:546906,92if2247:584838,h019b827:552752,b0f4d445:585339,g90ii276:619721,v1_disable_package_tracking:506073,dedupmvsites:556736,v1_disable_abandoned_cart:506074,plainwithoutnurf:490536,41612551:479863,0963a374:506317,i88ah860:467851,i09hd800:546598,20g12363:527812,edauth0529:481520,b6d71928:500839,10gjf417:504316,9ffeg962:402950,ed0317:378542,2chfa640:363442,edpas404:347262,hjd07315:316020,edenh823:312569","EdgeConfig":"P-R-1412184-1-2,P-R-1241132-1-6,P-R-1176033-4-5,P-R-1168565-1-8,P-R-1129815-1-5,P-R-1160552-1-3,P-R-1159247-1-3,P-R-1147287-1-6,P-R-1136203-1-4,P-R-1133477-1-4,P-R-1113531-4-9,P-R-1099640-1-4,P-R-1098501-1-7,P-R-1090419-2-5,P-R-1082109-1-6,P-R-1082170-5-26,P-R-1054140-1-4,P-R-1049918-1-3,P-R-1036635-1-5,P-R-110491-23-80,P-R-77350-1-8,P-R-68474-9-12,P-R-60617-8-21,P-R-45373-8-85,P-D-1150672-1-4","EdgeFirstRun":"P-R-1257346-6-7,P-R-58579-13-32","EdgeFirstRunConfig":"P-R-1253659-1-4,P-R-1246379-1-5,P-R-1159388-4-7,P-R-1075865-1-7","Segmentation":"P-R-1159985-1-5,P-R-1113915-11-11,P-R-1098334-1-6,P-R-66078-1-3,P-R-66077-1-5,P-R-60882-1-2,P-R-43082-3-5,P-R-42744-1-2"}}