{"viewId":"3faf7c90-d5ad-412c-4e62-fe776b5d1331","subtype":"com.microsoft.edge.android.sync.invalidations","id":"3faf7c90-d5ad-412c-4e62-fe776b5d1331","deviceId":"chr:lleMp6aJGZ2vRbMHqsGegw==","applicationId":"edge.activity.windows.com","appChannel":"stable","channelUrl":"ecm:Tt8SQBqsOpGJDbhR4yxeA9TuqiL+mGeMLKoY5I2jqMLOMJEsLDLiF4TaoRPJWJvYO77xQi2WbgHVEWcyjw9wOwbkeB2NoTiXjH+jWcvlrrpkCFFXJp2beXHgXeAY0eFNcHQZjhfWlT54xNLdhXBeI5AIa5LYwTx8snOy2svLb9kap+9TaWn7dnzjVTKMeQMq","publisherFilters":[{"platform":"host","application":"edge.activity.windows.com","activityTypes":[64,65,66,67,70,71,72,75,77,79,82,103,104,106,109,112,113,115],"notificationType":"NotificationOnly","activityFilterFlags":[]}],"channelUrlExpiry":"0001-01-01T00:00:00"}