{"id":25117,"projectName":"untitled_test_13:55","settingsId":null,"comment":null,"lastModified":"2024-08-28T10:56:59","contentFormat":"yaml","contentModelVersion":null,"labelSet":[],"testType":"OWN_JMX","requestCount":0,"totalDuration":0,"version":[{"id":25323,"projectId":25117,"settingsId":null,"createdOn":"2024-08-28T10:56:59.904Z","location":"boomq/teams/13/projects/25117/v_25323.yaml","comment":null,"contentFormat":"yaml","contentModelVersion":"1.0.0","testType":"OWN_JMX","requestCount":0,"totalDuration":0,"versionNumber":1}]}