{"id":25118,"projectName":"untitled_test_13:54","settingsId":null,"comment":null,"lastModified":"2024-08-28T10:57:13","contentFormat":"yaml","contentModelVersion":null,"labelSet":[],"testType":"OWN_JMX","requestCount":0,"totalDuration":0,"version":[{"id":25324,"projectId":25118,"settingsId":null,"createdOn":"2024-08-28T10:57:13.685Z","location":"boomq/teams/13/projects/25118/v_25324.yaml","comment":null,"contentFormat":"yaml","contentModelVersion":"1.0.0","testType":"OWN_JMX","requestCount":0,"totalDuration":0,"versionNumber":1}]}