{"content":[{"id":2,"name":"LoadGen2","location":"LoadGen2","cpuCount":8,"ram":32768,"ip":"192.168.14.201","port":2375},{"id":1,"name":"LoadGen1","location":"LoadGen1","cpuCount":8,"ram":8192,"ip":"192.168.14.80","port":2375}],"pageable":{"sort":{"unsorted":false,"sorted":true,"empty":false},"pageSize":20,"pageNumber":0,"offset":0,"unpaged":false,"paged":true},"totalElements":2,"totalPages":1,"last":true,"first":true,"sort":{"unsorted":false,"sorted":true,"empty":false},"numberOfElements":2,"size":20,"number":0,"empty":false}