{"id":25332,"projectName":"TestFromJMX","settingsId":null,"comment":null,"lastModified":"2024-08-29T16:28:53","contentFormat":"yaml","contentModelVersion":null,"labelSet":[],"testType":"OWN_JMX","requestCount":2,"totalDuration":3610,"version":[{"id":25852,"projectId":25332,"settingsId":null,"createdOn":"2024-08-29T16:28:53.921Z","location":"boomq/teams/13/projects/25332/v_25852.yaml","comment":null,"contentFormat":"yaml","contentModelVersion":"1.0.0","testType":"OWN_JMX","requestCount":2,"totalDuration":3610,"versionNumber":1}]}