{"id":25333,"projectName":"TestFromJMX","settingsId":null,"comment":null,"lastModified":"2024-08-29T16:29:04","contentFormat":"yaml","contentModelVersion":null,"labelSet":[],"testType":"OWN_JMX","requestCount":2,"totalDuration":3610,"version":[{"id":25853,"projectId":25333,"settingsId":null,"createdOn":"2024-08-29T16:29:04.703Z","location":"boomq/teams/13/projects/25333/v_25853.yaml","comment":null,"contentFormat":"yaml","contentModelVersion":"1.0.0","testType":"OWN_JMX","requestCount":2,"totalDuration":3610,"versionNumber":1}]}