{
  "FilterHeaders": [
    {
      "Header": "x-client-date",
      "IncludeInScript": true
    },
    {
      "Header": "user-agent",
      "IncludeInScript": false
    },
    {
      "Header": "sec-fetch-site",
      "IncludeInScript": true
    },
    {
      "Header": "sec-fetch-mode",
      "IncludeInScript": true
    },
    {
      "Header": "sec-fetch-dest",
      "IncludeInScript": true
    },
    {
      "Header": "sec-ch-ua-platform",
      "IncludeInScript": true
    },
    {
      "Header": "sec-ch-ua-mobile",
      "IncludeInScript": true
    },
    {
      "Header": "sec-ch-ua",
      "IncludeInScript": true
    },
    {
      "Header": "origin",
      "IncludeInScript": true
    },
    {
      "Header": "authorization",
      "IncludeInScript": true
    },
    {
      "Header": "accept-language",
      "IncludeInScript": false
    },
    {
      "Header": "accept-encoding",
      "IncludeInScript": false
    },
    {
      "Header": "accept",
      "IncludeInScript": false
    }
  ],
  "FilterResources": [
    {
      "IsNonResource": false,
      "type": "application/octet-stream"
    },
    {
      "IsNonResource": true,
      "type": "application/json"
    }
  ],
  "GeneralInfo": {
    "BrowserVersion": "",
    "IsWinInetMode": false,
    "MaxUsedConnections": 21,
    "RecordedBrowser": "Chrome",
    "RecordingDate": "авг-28-2024",
    "RecordingDuration": 106578,
    "RecordingMode": "N/A",
    "RecordingTimeStamp": 1724842459,
    "RecordingType": "Proxy",
    "TotalBytesReceived": 75384,
    "TotalBytesSent": 68791,
    "TotalRequests": 21,
    "UserAgent": "Mozilla/5.0 (Windows NT 10.0; Win64; x64) AppleWebKit/537.36 (KHTML, like Gecko) Chrome/128.0.0.0 Safari/537.36"
  },
  "HostInfo": [
    {
      "DomainName": "worldtimeapi.org",
      "Domains": [
        {
          "HTTPVersion": "HTTP/1.1",
          "IP": "213.188.196.246",
          "IncludeInScript": false,
          "Name": "worldtimeapi.org",
          "Port": 443,
          "Requests": [
            {
              "CompressionType": "gzip",
              "DataType": "application/json",
              "DownloadTime": 0,
              "EventId": 384,
              "HttpStatus": 200,
              "Size": 231,
              "URL": "https://worldtimeapi.org/api/ip"
            }
          ],
          "SSLCipher": "",
          "SSLVersion": "2&3"
        }
      ],
      "IncludeInScript": true
    },
    {
      "DomainName": "vivaldi.com",
      "Domains": [
        {
          "HTTPVersion": "HTTP/1.1",
          "IP": "31.209.137.5",
          "IncludeInScript": false,
          "Name": "update.vivaldi.com",
          "Port": 443,
          "Requests": [
            {
              "CompressionType": "",
              "DataType": "text/xml",
              "DownloadTime": 16,
              "EventId": 379,
              "HttpStatus": 200,
              "Size": 1448,
              "URL": "https://update.vivaldi.com/update/1.0/public/appcast.x64.xml"
            }
          ],
          "SSLCipher": "",
          "SSLVersion": "TLS1.2"
        },
        {
          "HTTPVersion": "HTTP/1.1",
          "IP": "31.209.137.46",
          "IncludeInScript": false,
          "Name": "mimir2.vivaldi.com",
          "Port": 443,
          "Requests": [
            {
              "CompressionType": "",
              "DataType": "application/json",
              "DownloadTime": 0,
              "EventId": 374,
              "HttpStatus": 200,
              "Size": 885,
              "URL": "https://mimir2.vivaldi.com/list/languages.json"
            }
          ],
          "SSLCipher": "",
          "SSLVersion": "TLS1.2"
        },
        {
          "HTTPVersion": "HTTP/1.1",
          "IP": "151.101.246.137",
          "IncludeInScript": false,
          "Name": "downloads.vivaldi.com",
          "Port": 443,
          "Requests": [
            {
              "CompressionType": "gzip",
              "DataType": "application/json",
              "DownloadTime": 0,
              "EventId": 369,
              "HttpStatus": 200,
              "Size": 2048,
              "URL": "https://downloads.vivaldi.com/directmatch/1709752345/directmatch.json.RU"
            },
            {
              "CompressionType": "",
              "DataType": "",
              "DownloadTime": 0,
              "EventId": 365,
              "HttpStatus": 303,
              "Size": 0,
              "URL": "https://downloads.vivaldi.com/directmatch/1709752345/directmatch.json"
            },
            {
              "CompressionType": "gzip",
              "DataType": "application/json",
              "DownloadTime": 15,
              "EventId": 360,
              "HttpStatus": 200,
              "Size": 6083,
              "URL": "https://downloads.vivaldi.com/search/1709752345/search_engines.json"
            }
          ],
          "SSLCipher": "",
          "SSLVersion": "TLS1.2"
        }
      ],
      "IncludeInScript": true
    },
    {
      "DomainName": "pflb.ru",
      "Domains": [
        {
          "HTTPVersion": "HTTP/1.1",
          "IP": "77.50.236.214",
          "IncludeInScript": true,
          "Name": "dev-boomq.pflb.ru",
          "Port": 443,
          "Requests": [
            {
              "CompressionType": "",
              "DataType": "application/json",
              "DownloadTime": 0,
              "EventId": 493,
              "HttpStatus": 200,
              "Size": 286,
              "URL": "https://dev-boomq.pflb.ru/project-srv/project/25333"
            },
            {
              "CompressionType": "",
              "DataType": "application/json",
              "DownloadTime": 0,
              "EventId": 488,
              "HttpStatus": 200,
              "Size": 57,
              "URL": "https://dev-boomq.pflb.ru/testplan-srv/testInfo?testMode=TEST"
            },
            {
              "CompressionType": "",
              "DataType": "application/octet-stream",
              "DownloadTime": 15,
              "EventId": 483,
              "HttpStatus": 200,
              "Size": 1548,
              "URL": "https://dev-boomq.pflb.ru/minio/boomq/boomq/teams/13/projects/25333/v_25853.yaml?X-Amz-Algorithm=AWS4-HMAC-SHA256&X-Amz-Credential=AKIAIOSFODNN7EXAMPLE/20240829/us-east-1/s3/aws4_request&X-Amz-Date=20240829T162905Z&X-Amz-Expires=604800&X-Amz-SignedHeaders=host&X-Amz-Signature=5bd621366e0e0477509bbaf9efd22113facfb7e8f10ce0a7b4b5e8283b8e22bd"
            },
            {
              "CompressionType": "",
              "DataType": "application/json",
              "DownloadTime": 16,
              "EventId": 478,
              "HttpStatus": 200,
              "Size": 335,
              "URL": "https://dev-boomq.pflb.ru/project-srv/project/25333/version/25853/downloadLink"
            },
            {
              "CompressionType": "",
              "DataType": "application/json",
              "DownloadTime": 0,
              "EventId": 473,
              "HttpStatus": 200,
              "Size": 288,
              "URL": "https://dev-boomq.pflb.ru/project-srv/project/25333/version/25853"
            },
            {
              "CompressionType": "",
              "DataType": "application/json",
              "DownloadTime": 0,
              "EventId": 468,
              "HttpStatus": 200,
              "Size": 534,
              "URL": "https://dev-boomq.pflb.ru/project-srv/project/25333"
            },
            {
              "CompressionType": "",
              "DataType": "application/json",
              "DownloadTime": 15,
              "EventId": 463,
              "HttpStatus": 201,
              "Size": 534,
              "URL": "https://dev-boomq.pflb.ru/project-srv/project?testProjectName=TestFromJMX"
            },
            {
              "CompressionType": "",
              "DataType": "application/octet-stream",
              "DownloadTime": 16,
              "EventId": 458,
              "HttpStatus": 200,
              "Size": 1548,
              "URL": "https://dev-boomq.pflb.ru/minio/boomq/boomq/teams/13/projects/25332/v_25852.yaml?X-Amz-Algorithm=AWS4-HMAC-SHA256&X-Amz-Credential=AKIAIOSFODNN7EXAMPLE/20240829/us-east-1/s3/aws4_request&X-Amz-Date=20240829T162854Z&X-Amz-Expires=604800&X-Amz-SignedHeaders=host&X-Amz-Signature=97e65fabf624d6486de4528aae327f3ae8a3a8a995bef5cfce66f0f6e3c8a950"
            },
            {
              "CompressionType": "",
              "DataType": "application/json",
              "DownloadTime": 0,
              "EventId": 453,
              "HttpStatus": 200,
              "Size": 335,
              "URL": "https://dev-boomq.pflb.ru/project-srv/project/25332/version/25852/downloadLink"
            },
            {
              "CompressionType": "",
              "DataType": "application/json",
              "DownloadTime": 0,
              "EventId": 448,
              "HttpStatus": 200,
              "Size": 288,
              "URL": "https://dev-boomq.pflb.ru/project-srv/project/25332/version/25852"
            },
            {
              "CompressionType": "",
              "DataType": "application/json",
              "DownloadTime": 16,
              "EventId": 443,
              "HttpStatus": 200,
              "Size": 534,
              "URL": "https://dev-boomq.pflb.ru/project-srv/project/25332"
            },
            {
              "CompressionType": "",
              "DataType": "application/json",
              "DownloadTime": 0,
              "EventId": 438,
              "HttpStatus": 201,
              "Size": 534,
              "URL": "https://dev-boomq.pflb.ru/project-srv/project?testProjectName=TestFromJMX"
            },
            {
              "CompressionType": "",
              "DataType": "application/json",
              "DownloadTime": 0,
              "EventId": 428,
              "HttpStatus": 200,
              "Size": 270,
              "URL": "https://dev-boomq.pflb.ru/auth-srv/team/13"
            },
            {
              "CompressionType": "",
              "DataType": "application/json",
              "DownloadTime": 0,
              "EventId": 423,
              "HttpStatus": 200,
              "Size": 164,
              "URL": "https://dev-boomq.pflb.ru/auth-srv/user"
            },
            {
              "CompressionType": "",
              "DataType": "application/json",
              "DownloadTime": 16,
              "EventId": 418,
              "HttpStatus": 200,
              "Size": 531,
              "URL": "https://dev-boomq.pflb.ru/test-runner-srv/testRunner?sort=id,desc"
            },
            {
              "CompressionType": "",
              "DataType": "application/json",
              "DownloadTime": 16,
              "EventId": 413,
              "HttpStatus": 200,
              "Size": 314,
              "URL": "https://dev-boomq.pflb.ru/auth-srv/teamMember/teamContext?teamId=13"
            },
            {
              "CompressionType": "",
              "DataType": "application/json",
              "DownloadTime": 16,
              "EventId": 408,
              "HttpStatus": 200,
              "Size": 270,
              "URL": "https://dev-boomq.pflb.ru/auth-srv/team/13"
            },
            {
              "CompressionType": "",
              "DataType": "application/json",
              "DownloadTime": 0,
              "EventId": 403,
              "HttpStatus": 200,
              "Size": 2,
              "URL": "https://dev-boomq.pflb.ru/auth-srv/identityProvider"
            },
            {
              "CompressionType": "",
              "DataType": "application/json",
              "DownloadTime": 0,
              "EventId": 398,
              "HttpStatus": 200,
              "Size": 66848,
              "URL": "https://dev-boomq.pflb.ru/project-srv/modelSchema"
            },
            {
              "CompressionType": "",
              "DataType": "application/json",
              "DownloadTime": 0,
              "EventId": 393,
              "HttpStatus": 200,
              "Size": 164,
              "URL": "https://dev-boomq.pflb.ru/auth-srv/user"
            },
            {
              "CompressionType": "",
              "DataType": "",
              "DownloadTime": 15,
              "EventId": 389,
              "HttpStatus": 200,
              "Size": 0,
              "URL": "https://dev-boomq.pflb.ru/auth-srv/login"
            }
          ],
          "SSLCipher": "",
          "SSLVersion": "TLS1.2"
        }
      ],
      "IncludeInScript": true
    },
    {
      "DomainName": "googleapis.com",
      "Domains": [
        {
          "HTTPVersion": "HTTP/1.1",
          "IP": "64.233.162.94",
          "IncludeInScript": false,
          "Name": "update.googleapis.com",
          "Port": 443,
          "Requests": [
            {
              "CompressionType": "gzip",
              "DataType": "application/json",
              "DownloadTime": 16,
              "EventId": 433,
              "HttpStatus": 200,
              "Size": 766,
              "URL": "https://update.googleapis.com/service/update2/json?cup2key=14:n5bhWdiVbXMTqL23waLzM1wk9kQqB1q-zn9sBEkAT9A&cup2hreq=21450b7659f3c223290ec24d58a8aee938f2dfc79f8827aaac3e0a9a7849e2a3"
            }
          ],
          "SSLCipher": "",
          "SSLVersion": "TLS1.2"
        }
      ],
      "IncludeInScript": true
    }
  ],
  "WebSocket": {
    "IncludeInScript": false,
    "IsScriptIncludeWebSocket": false
  },
  "NumberOfCorrelations": 0
}